symbol,symbolName,lastPrice,percentChange,percentChange5d,percentChange1m,percentChange1y,opinion,tradeTime,symbolCode,hasOptions,symbolType,raw.symbol,raw.symbolName,raw.lastPrice,raw.percentChange,raw.percentChange5d,raw.percentChange1m,raw.percentChange1y,raw.opinion,raw.tradeTime,raw.symbolCode,raw.hasOptions,raw.symbolType
$DUSA,Dow Jones U.S. Index,"1,579.87",+0.26%,+1.48%,+1.48%,+15.58%,100% Buy,08/27/25,INDEX,No,9,$DUSA,Dow Jones U.S. Index,1579.87,0.0026273536709969,0.0148,0.0148,0.1558,100,1756329112,INDEX,False,9
$DUSL,U.S. Large-Cap Index,"1,457.97",+0.23%,+1.38%,+1.95%,+16.24%,100% Buy,08/27/25,INDEX,No,9,$DUSL,U.S. Large-Cap Index,1457.97,0.0023098974982986,0.0138,0.0195,0.1624,100,1756329112,INDEX,False,9
$DUSM,U.S. Mid-Cap Index,"2,068.03",+0.33%,+1.35%,-0.18%,+15.73%,100% Buy,08/27/25,INDEX,No,9,$DUSM,U.S. Mid-Cap Index,2068.03,0.0032795315509371,0.0135,-0.0018,0.1573,100,1756329112,INDEX,False,9
$DUSS,U.S. Small-Cap Index,"1,747.36",+0.37%,+2.45%,+1.23%,+10.53%,88% Buy,08/27/25,INDEX,No,9,$DUSS,U.S. Small-Cap Index,1747.36,0.0037453183520599,0.0245,0.0123,0.1053,88,1756329112,INDEX,False,9
$DSLW,U.S. Low-Cap Index,"1,948.13",+0.34%,+1.72%,+0.29%,+13.94%,100% Buy,08/27/25,INDEX,No,9,$DSLW,U.S. Low-Cap Index,1948.13,0.0034355588062592,0.0172,0.0029,0.1394,100,1756329112,INDEX,False,9
$DSTP,U.S. Top-Cap Index,"1,593.85",+0.25%,+1.38%,+1.51%,+16.13%,100% Buy,08/27/25,INDEX,No,9,$DSTP,U.S. Top-Cap Index,1593.85,0.0025096549381707,0.0138,0.0151,0.1613,100,1756329112,INDEX,False,9
$DSBM,U.S. Basic Materials Index,598.98,+0.27%,+2.24%,+1.21%,+0.36%,88% Buy,08/27/25,INDEX,No,9,$DSBM,U.S. Basic Materials Index,598.98,0.0027119325030133,0.0224,0.0121,0.0036,88,1756329112,INDEX,False,9
$DSNC,U.S. Consumer Goods Index,988.06,-0.08%,+1.38%,+3.66%,+10.39%,88% Buy,08/27/25,INDEX,No,9,$DSNC,U.S. Consumer Goods Index,988.06,-0.00079890782221781,0.0138,0.0366,0.1039,88,1756329112,INDEX,False,9
$DSCY,U.S. Consumer Services Index,"2,086.09",+0.20%,+0.63%,+0.98%,+22.89%,100% Buy,08/27/25,INDEX,No,9,$DSCY,U.S. Consumer Services Index,2086.09,0.0020270237815043,0.0063,0.0098,0.2289,100,1756329112,INDEX,False,9
$DSFN,U.S. Financials Index,"1,131.70",+0.19%,+1.68%,+0.65%,+18.40%,100% Buy,08/27/25,INDEX,No,9,$DSFN,U.S. Financials Index,1131.7,0.0019477644975653,0.0168,0.0065,0.184,100,1756329112,INDEX,False,9
$DSHC,U.S. Health Care Index,"1,457.40",+0.02%,-0.28%,+0.95%,-11.30%,8% Buy,08/27/25,INDEX,No,9,$DSHC,U.S. Health Care Index,1457.4,0.00018529575260957,-0.0028,0.0095,-0.113,8,1756329112,INDEX,False,9
$DSIN,U.S. Industrials Index,"1,419.47",+0.05%,+1.63%,-1.27%,+14.72%,100% Buy,08/27/25,INDEX,No,9,$DSIN,U.S. Industrials Index,1419.47,0.00045812717610415,0.0163,-0.0127,0.1472,100,1756329112,INDEX,False,9
$DSTL,U.S. Telecommunications Index,193.62,+0.96%,-1.61%,+3.24%,+24.63%,88% Buy,08/27/25,INDEX,No,9,$DSTL,U.S. Telecommunications Index,193.62,0.0096469729363299,-0.0161,0.0324,0.2463,88,1756329112,INDEX,False,9
$DSUT,U.S. Utilities Index,423.54,+0.11%,-0.87%,+0.73%,+13.92%,80% Buy,08/27/25,INDEX,No,9,$DSUT,U.S. Utilities Index,423.54,0.0010872648198923,-0.0087,0.0073,0.1392,80,1756329112,INDEX,False,9
$DSAP,U.S. Automobiles & Parts Index,"1,338.89",-0.46%,+7.27%,+9.93%,+52.08%,72% Buy,08/27/25,INDEX,No,9,$DSAP,U.S. Automobiles & Parts Index,1338.89,-0.0045501520434791,0.0727,0.0993,0.5208,72,1756329112,INDEX,False,9
$DSBK,U.S. Banks Index,767.86,+0.61%,+3.97%,+1.56%,+30.58%,100% Buy,08/27/25,INDEX,No,9,$DSBK,U.S. Banks Index,767.86,0.0061190529226011,0.0397,0.0156,0.3058,100,1756329112,INDEX,False,9
$DSBS,U.S. Basic Resources Index,420.25,-0.07%,+4.95%,+4.22%,+15.31%,100% Buy,08/27/25,INDEX,No,9,$DSBS,U.S. Basic Resources Index,420.25,-0.00068958957530799,0.0495,0.0422,0.1531,100,1756329112,INDEX,False,9
$DSCH,U.S. Chemicals Index,861.62,+0.42%,+1.10%,-0.05%,-5.26%,56% Buy,08/27/25,INDEX,No,9,$DSCH,U.S. Chemicals Index,861.62,0.0042074101700447,0.011,-0.0005,-0.0526,56,1756329112,INDEX,False,9
$DSCN,U.S. Construction & Materials Index,"2,077.91",unch,+1.89%,-0.84%,+16.62%,100% Buy,08/27/25,INDEX,No,9,$DSCN,U.S. Construction & Materials Index,2077.91,-9.6249633048186e-06,0.0189,-0.0084,0.1662,100,1756329112,INDEX,False,9
$DSFI,U.S. Financial Services Index,"2,492.51",-0.06%,+1.58%,+0.54%,+25.48%,100% Buy,08/27/25,INDEX,No,9,$DSFI,U.S. Financial Services Index,2492.51,-0.00062147662846913,0.0158,0.0054,0.2548,100,1756329112,INDEX,False,9
$DSFB,U.S. Food & Beverage Index,709.85,+0.25%,-2.30%,-1.07%,-10.84%,40% Sell,08/27/25,INDEX,No,9,$DSFB,U.S. Food & Beverage Index,709.85,0.0025421933479275,-0.023,-0.0107,-0.1084,-40,1756329112,INDEX,False,9
$DSIG,U.S. Industrial Goods & Services Index,"1,462.31",+0.05%,+1.59%,-1.33%,+14.46%,100% Buy,08/27/25,INDEX,No,9,$DSIG,U.S. Industrial Goods & Services Index,1462.31,0.00052684155069309,0.0159,-0.0133,0.1446,100,1756329112,INDEX,False,9
$DSIR,U.S. Insurance Index,"1,351.45",+0.07%,-1.14%,+0.85%,+3.33%,56% Sell,08/27/25,INDEX,No,9,$DSIR,U.S. Insurance Index,1351.45,0.00067380455225323,-0.0114,0.0085,0.0333,-56,1756329112,INDEX,False,9
$DSME,U.S. Media Index,839.62,+0.42%,+1.49%,-3.64%,+5.63%,24% Buy,08/27/25,INDEX,No,9,$DSME,U.S. Media Index,839.62,0.004186002009281,0.0149,-0.0364,0.0563,24,1756329112,INDEX,False,9
$DSEN,U.S. Oil & Gas Index,746.52,+1.09%,+3.87%,+1.94%,-0.48%,40% Buy,08/27/25,INDEX,No,9,$DSEN,U.S. Oil & Gas Index,746.52,0.010941985807919,0.0387,0.0194,-0.0048,40,1756329112,INDEX,False,9
$DSNG,U.S. Personal & Household Goods Index,"1,065.80",+0.01%,-0.52%,+2.18%,+3.77%,100% Buy,08/27/25,INDEX,No,9,$DSNG,U.S. Personal & Household Goods Index,1065.8,6.5682677601209e-05,-0.0052,0.0218,0.0377,100,1756329112,INDEX,False,9
$DSRE,U.S. Real Estate Index,369.97,+0.53%,+1.03%,-0.56%,-2.59%,48% Buy,08/27/25,INDEX,No,9,$DSRE,U.S. Real Estate Index,369.97,0.0053259422298308,0.0103,-0.0056,-0.0259,48,1756329112,INDEX,False,9
$DSRT,U.S. Retail Index,"3,169.11",+0.24%,+0.14%,+1.60%,+24.76%,100% Buy,08/27/25,INDEX,No,9,$DSRT,U.S. Retail Index,3169.11,0.0024102559236311,0.0014,0.016,0.2476,100,1756329112,INDEX,False,9
$DSTC,U.S. Technology Index,"8,004.92",+0.41%,+2.07%,+2.60%,+24.27%,100% Buy,08/27/25,INDEX,No,9,$DSTC,U.S. Technology Index,8004.92,0.0041307126576928,0.0207,0.026,0.2427,100,1756329112,INDEX,False,9
$DSAE,U.S. Aerospace & Defense Index,"2,757.23",-0.22%,+2.14%,+0.41%,+30.71%,100% Buy,08/27/25,INDEX,No,9,$DSAE,U.S. Aerospace & Defense Index,2757.23,-0.0021894270576996,0.0214,0.0041,0.3071,100,1756329112,INDEX,False,9
$DSBV,U.S. Beverages Index,948.39,+0.46%,-3.50%,-0.03%,-9.10%,32% Buy,08/27/25,INDEX,No,9,$DSBV,U.S. Beverages Index,948.39,0.0046397813582483,-0.035,-0.0003,-0.091,32,1756329112,INDEX,False,9
$DSEE,U.S. Electronic & Electrical Equipment Index,"1,123.16",-0.07%,+2.73%,-1.14%,+45.85%,96% Buy,08/27/25,INDEX,No,9,$DSEE,U.S. Electronic & Electrical Equipment Index,1123.16,-0.00068509604690682,0.0273,-0.0114,0.4585,96,1756329112,INDEX,False,9
$DSGF,U.S. Financial Services Index,"2,793.78",-0.06%,+1.58%,+0.54%,+25.48%,100% Buy,08/27/25,INDEX,No,9,$DSGF,U.S. Financial Services Index,2793.78,-0.00062242445054937,0.0158,0.0054,0.2548,100,1756329112,INDEX,False,9
$DSDR,U.S. Food & Drug Retailers Index,"1,545.24",+0.21%,-2.97%,-3.07%,+24.09%,40% Buy,08/27/25,INDEX,No,9,$DSDR,U.S. Food & Drug Retailers Index,1545.24,0.0021206638261445,-0.0297,-0.0307,0.2409,40,1756329112,INDEX,False,9
$DSFO,U.S. Food Producers Index,383.32,-0.14%,+0.05%,-2.98%,-13.90%,72% Sell,08/27/25,INDEX,No,9,$DSFO,U.S. Food Producers Index,383.32,-0.0013547311379741,0.0005,-0.0298,-0.139,-72,1756329112,INDEX,False,9
$DSUO,U.S. Gas Water & Multiutilities Index,392.93,+0.37%,-0.98%,+0.35%,+11.34%,88% Buy,08/27/25,INDEX,No,9,$DSUO,U.S. Gas Water & Multiutilities Index,392.93,0.003729532275781,-0.0098,0.0035,0.1134,88,1756329112,INDEX,False,9
$DSGI,U.S. General Industrials Index,733.97,-0.40%,+1.81%,-3.05%,+2.32%,24% Buy,08/27/25,INDEX,No,9,$DSGI,U.S. General Industrials Index,733.97,-0.0040031482386147,0.0181,-0.0305,0.0232,24,1756329112,INDEX,False,9
$DSGT,U.S. General Retailers Index,"3,536.45",+0.24%,+0.31%,+1.85%,+24.77%,100% Buy,08/27/25,INDEX,No,9,$DSGT,U.S. General Retailers Index,3536.45,0.0024235380821451,0.0031,0.0185,0.2477,100,1756329112,INDEX,False,9
$DSMC,U.S. Health Care Equipment & Services Index,"2,258.84",+0.16%,-0.30%,+3.17%,-9.78%,56% Sell,08/27/25,INDEX,No,9,$DSMC,U.S. Health Care Equipment & Services Index,2258.84,0.0016362547945813,-0.003,0.0317,-0.0978,-56,1756329112,INDEX,False,9
$DSHG,U.S. Household Goods & Home Construction Index,"1,079.27",+0.42%,-0.51%,+1.64%,-8.91%,8% Buy,08/27/25,INDEX,No,9,$DSHG,U.S. Household Goods & Home Construction Index,1079.27,0.004224316805151,-0.0051,0.0164,-0.0891,8,1756329112,INDEX,False,9
$DSIQ,U.S. Industrial Engineering Index,"4,474.13",+0.59%,+2.27%,+0.60%,+15.09%,88% Buy,08/27/25,INDEX,No,9,$DSIQ,U.S. Industrial Engineering Index,4474.13,0.0059310887527402,0.0227,0.006,0.1509,88,1756329112,INDEX,False,9
$DSIM,U.S. Industrial Metals & Mining Index,519.33,unch,+5.37%,-0.26%,+2.11%,64% Buy,08/27/25,INDEX,No,9,$DSIM,U.S. Industrial Metals & Mining Index,519.33,3.8512641774846e-05,0.0537,-0.0026,0.0211,64,1756329112,INDEX,False,9
$DSIT,U.S. Industrial Transportation Index,"1,425.67",-0.34%,-1.37%,-5.14%,-12.14%,32% Sell,08/27/25,INDEX,No,9,$DSIT,U.S. Industrial Transportation Index,1425.67,-0.0033973422437837,-0.0137,-0.0514,-0.1214,-32,1756329112,INDEX,False,9
$DSLE,U.S. Leisure Goods Index,"1,123.02",-0.38%,+2.36%,+5.43%,+44.42%,100% Buy,08/27/25,INDEX,No,9,$DSLE,U.S. Leisure Goods Index,1123.02,-0.0038231928539114,0.0236,0.0543,0.4442,100,1756329112,INDEX,False,9
$DSMG,U.S. Mining Index,164.44,-0.11%,+4.46%,+10.54%,+42.52%,100% Buy,08/27/25,INDEX,No,9,$DSMG,U.S. Mining Index,164.44,-0.0010934272870855,0.0446,0.1054,0.4252,100,1756329112,INDEX,False,9
$DSIX,U.S. Nonlife Insurance Index,"1,339.37",+0.09%,-1.60%,+0.52%,+3.14%,40% Sell,08/27/25,INDEX,No,9,$DSIX,U.S. Nonlife Insurance Index,1339.37,0.00090422669934822,-0.016,0.0052,0.0314,-40,1756329112,INDEX,False,9
$DSOG,U.S. Oil & Gas Producers Index,852.44,+1.19%,+4.30%,+2.69%,-1.66%,56% Buy,08/27/25,INDEX,No,9,$DSOG,U.S. Oil & Gas Producers Index,852.44,0.011930341053431,0.043,0.0269,-0.0166,56,1756329112,INDEX,False,9
$DSOQ,U.S. Oil Equipment Services & Distribution Inde,457.77,+0.96%,+3.11%,-0.50%,+5.10%,24% Sell,08/27/25,INDEX,No,9,$DSOQ,U.S. Oil Equipment Services & Distribution Inde,457.77,0.0096160208200083,0.0311,-0.005,0.051,-24,1756329112,INDEX,False,9
$DSPG,U.S. Personal Goods Index,557.19,+0.67%,+2.67%,-1.73%,-6.43%,56% Buy,08/27/25,INDEX,No,9,$DSPG,U.S. Personal Goods Index,557.19,0.0067030425670305,0.0267,-0.0173,-0.0643,56,1756329112,INDEX,False,9
$DSPN,U.S. Pharmaceuticals & Biotechnology Index,"1,109.61",-0.08%,-0.26%,-0.51%,-12.30%,40% Buy,08/27/25,INDEX,No,9,$DSPN,U.S. Pharmaceuticals & Biotechnology Index,1109.61,-0.00081043844720002,-0.0026,-0.0051,-0.123,40,1756329112,INDEX,False,9
$DSRH,U.S. Real Estate Investment & Services Index,793.25,-0.30%,+1.96%,+5.10%,+29.39%,100% Buy,08/27/25,INDEX,No,9,$DSRH,U.S. Real Estate Investment & Services Index,793.25,-0.0029537456008045,0.0196,0.051,0.2939,100,1756329112,INDEX,False,9
$DSRI,U.S. Real Estate Investment Trusts Index,148.29,+0.61%,+0.94%,-1.07%,-4.90%,Hold,08/27/25,INDEX,No,9,$DSRI,U.S. Real Estate Investment Trusts Index,148.29,0.0061062487278649,0.0094,-0.0107,-0.049,0,1756329112,INDEX,False,9
$DSSV,U.S. Software & Computer Services Index,"7,984.61",+0.55%,+1.21%,-0.18%,+26.46%,72% Buy,08/27/25,INDEX,No,9,$DSSV,U.S. Software & Computer Services Index,7984.61,0.0055158100999771,0.0121,-0.0018,0.2646,72,1756329112,INDEX,False,9
$DSIS,U.S. Support Services Index,878.33,+0.25%,+0.82%,-2.47%,+1.11%,40% Sell,08/27/25,INDEX,No,9,$DSIS,U.S. Support Services Index,878.33,0.0025224855042689,0.0082,-0.0247,0.0111,-40,1756329112,INDEX,False,9
$DSTQ,U.S. Technology Hardware & Equipment Index,"8,998.31",+0.29%,+2.87%,+5.30%,+22.26%,100% Buy,08/27/25,INDEX,No,9,$DSTQ,U.S. Technology Hardware & Equipment Index,8998.31,0.0028553310099869,0.0287,0.053,0.2226,100,1756329112,INDEX,False,9
$DSCG,U.S. Travel & Leisure Index,"2,032.96",unch,+1.90%,+0.83%,+24.68%,100% Buy,08/27/25,INDEX,No,9,$DSCG,U.S. Travel & Leisure Index,2032.96,1.4757025573912e-05,0.019,0.0083,0.2468,100,1756329112,INDEX,False,9
$DSAS,U.S. Aerospace Index,"2,962.84",-0.28%,+2.57%,-1.20%,+41.17%,100% Buy,08/27/25,INDEX,No,9,$DSAS,U.S. Aerospace Index,2962.84,-0.0028170341376072,0.0257,-0.012,0.4117,100,1756329112,INDEX,False,9
$DSAR,U.S. Airlines Index,236.55,-0.01%,+4.30%,+8.25%,+64.89%,88% Buy,08/27/25,INDEX,No,9,$DSAR,U.S. Airlines Index,236.55,-8.4541573318603e-05,0.043,0.0825,0.6489,88,1756329112,INDEX,False,9
$DSAL,U.S. Aluminum Index,108.63,-0.48%,+8.41%,+3.11%,-7.29%,24% Buy,08/27/25,INDEX,No,9,$DSAL,U.S. Aluminum Index,108.63,-0.0047640861200184,0.0841,0.0311,-0.0729,24,1756329112,INDEX,False,9
$DSRA,U.S. Apparel Retailers Index,"1,820.86",+0.67%,+0.30%,+7.85%,+8.73%,88% Buy,08/27/25,INDEX,No,9,$DSRA,U.S. Apparel Retailers Index,1820.86,0.0066896658484265,0.003,0.0785,0.0873,88,1756329112,INDEX,False,9
$DSAG,U.S. Asset Managers Index,410.10,-0.02%,+2.40%,-1.12%,+25.76%,80% Buy,08/27/25,INDEX,No,9,$DSAG,U.S. Asset Managers Index,410.1,-0.00021941051707739,0.024,-0.0112,0.2576,80,1756329112,INDEX,False,9
$DSAT,U.S. Auto Parts Index,434.18,+0.18%,+3.96%,+8.78%,+7.04%,100% Buy,08/27/25,INDEX,No,9,$DSAT,U.S. Auto Parts Index,434.18,0.0018228385518817,0.0396,0.0878,0.0704,100,1756329112,INDEX,False,9
$DSAU,U.S. Automobiles Index,"1,207.55",-0.50%,+7.48%,+10.00%,+56.71%,72% Buy,08/27/25,INDEX,No,9,$DSAU,U.S. Automobiles Index,1207.55,-0.004952371534988,0.0748,0.1,0.5671,72,1756329112,INDEX,False,9
$DSBT,U.S. Biotechnology Index,"2,747.87",-0.11%,-1.31%,+1.47%,-10.98%,56% Buy,08/27/25,INDEX,No,9,$DSBT,U.S. Biotechnology Index,2747.87,-0.001137768084333,-0.0131,0.0147,-0.1098,56,1756329112,INDEX,False,9
$DSDB,U.S. Brewers Index,521.97,+1.59%,-0.37%,-0.12%,-5.56%,40% Sell,08/27/25,INDEX,No,9,$DSDB,U.S. Brewers Index,521.97,0.015901128843908,-0.0037,-0.0012,-0.0556,-40,1756329112,INDEX,False,9
$DSBC,U.S. Broadcasting & Entertainment Index,"1,217.52",+0.38%,+1.58%,-1.72%,+12.23%,40% Buy,08/27/25,INDEX,No,9,$DSBC,U.S. Broadcasting & Entertainment Index,1217.52,0.0038007766445984,0.0158,-0.0172,0.1223,40,1756329112,INDEX,False,9
$DSRB,U.S. Broadline Retailers Index,"4,783.43",+0.26%,-0.14%,-0.67%,+24.55%,88% Buy,08/27/25,INDEX,No,9,$DSRB,U.S. Broadline Retailers Index,4783.43,0.0026326435220411,-0.0014,-0.0067,0.2455,88,1756329112,INDEX,False,9
$DSBD,U.S. Building Materials & Fixtures Index,"2,489.05",+0.03%,+1.63%,+0.09%,+10.96%,100% Buy,08/27/25,INDEX,No,9,$DSBD,U.S. Building Materials & Fixtures Index,2489.05,0.0003295515285967,0.0163,0.0009,0.1096,100,1756329112,INDEX,False,9
$DSIV,U.S. Business Support Services Index,"1,180.57",+0.31%,+0.23%,-4.64%,-11.23%,88% Sell,08/27/25,INDEX,No,9,$DSIV,U.S. Business Support Services Index,1180.57,0.0030672240348014,0.0023,-0.0464,-0.1123,-88,1756329112,INDEX,False,9
$DSBE,U.S. Business Training & Employment Agencies Ind,118.22,+1.03%,+1.47%,-1.34%,-2.51%,40% Sell,08/27/25,INDEX,No,9,$DSBE,U.S. Business Training & Employment Agencies Ind,118.22,0.010254657323534,0.0147,-0.0134,-0.0251,-40,1756329112,INDEX,False,9
$DSCF,U.S. Clothing & Accessories Index,282.44,+0.86%,+4.28%,-2.74%,+9.17%,56% Sell,08/27/25,INDEX,No,9,$DSCF,U.S. Clothing & Accessories Index,282.44,0.0086062207620613,0.0428,-0.0274,0.0917,-56,1756329112,INDEX,False,9
$DSHR,U.S. Commercial Vehicles & Trucks Index,"5,449.81",+0.67%,+1.94%,-0.39%,+22.59%,100% Buy,08/27/25,INDEX,No,9,$DSHR,U.S. Commercial Vehicles & Trucks Index,5449.81,0.0066608173631956,0.0194,-0.0039,0.2259,100,1756329112,INDEX,False,9
$DSCC,U.S. Commodity Chemicals Index,755.84,+0.13%,+0.52%,+0.40%,-7.49%,24% Buy,08/27/25,INDEX,No,9,$DSCC,U.S. Commodity Chemicals Index,755.84,0.0013115188448036,0.0052,0.004,-0.0749,24,1756329112,INDEX,False,9
$DSCR,U.S. Computer Hardware Index,"11,552.04",+0.57%,+2.17%,+7.43%,+1.38%,72% Buy,08/27/25,INDEX,No,9,$DSCR,U.S. Computer Hardware Index,11552.04,0.0057426032205941,0.0217,0.0743,0.0138,72,1756329112,INDEX,False,9
$DSDV,U.S. Computer Services Index,251.33,+0.96%,+1.26%,-7.38%,+6.03%,40% Sell,08/27/25,INDEX,No,9,$DSDV,U.S. Computer Services Index,251.33,0.0096412646125417,0.0126,-0.0738,0.0603,-40,1756329112,INDEX,False,9
$DSSF,U.S. Consumer Finance Index,799.95,-0.13%,+2.04%,+1.86%,+31.37%,100% Buy,08/27/25,INDEX,No,9,$DSSF,U.S. Consumer Finance Index,799.95,-0.0013108614232209,0.0204,0.0186,0.3137,100,1756329112,INDEX,False,9
$DSVE,U.S. Conventional Electricity Index,421.25,-0.01%,-0.82%,+0.94%,+15.20%,88% Buy,08/27/25,INDEX,No,9,$DSVE,U.S. Conventional Electricity Index,421.25,-0.00011868027533827,-0.0082,0.0094,0.152,88,1756329112,INDEX,False,9
$DSDN,U.S. Defense Index,781.06,-0.07%,+1.13%,+4.41%,+11.53%,100% Buy,08/27/25,INDEX,No,9,$DSDN,U.S. Defense Index,781.06,-0.00071646068422003,0.0113,0.0441,0.1153,100,1756329112,INDEX,False,9
$DSAF,U.S. Delivery Services Index,"1,030.17",+0.51%,+2.08%,-6.15%,-20.61%,56% Sell,08/27/25,INDEX,No,9,$DSAF,U.S. Delivery Services Index,1030.17,0.0051419650697629,0.0208,-0.0615,-0.2061,-56,1756329112,INDEX,False,9
$DSVN,U.S. Distillers & Vintners Index,322.99,+1.52%,-2.65%,-6.99%,-32.81%,88% Sell,08/27/25,INDEX,No,9,$DSVN,U.S. Distillers & Vintners Index,322.99,0.015244860753128,-0.0265,-0.0699,-0.3281,-88,1756329112,INDEX,False,9
$DSID,U.S. Diversified Industrials Index,953.09,-0.38%,+1.66%,+0.40%,+11.44%,56% Buy,08/27/25,INDEX,No,9,$DSID,U.S. Diversified Industrials Index,953.09,-0.0038046261745738,0.0166,0.004,0.1144,56,1756329112,INDEX,False,9
$DSDT,U.S. Diversified Reits Index,57.46,+1.38%,+0.31%,+3.46%,+11.70%,100% Buy,08/27/25,INDEX,No,9,$DSDT,U.S. Diversified Reits Index,57.46,0.013761467889908,0.0031,0.0346,0.117,100,1756329112,INDEX,False,9
$DSRD,U.S. Drug Retailers Index,"1,134.48",+0.65%,-3.39%,-1.65%,+28.75%,24% Buy,08/27/25,INDEX,No,9,$DSRD,U.S. Drug Retailers Index,1134.48,0.0064941978068774,-0.0339,-0.0165,0.2875,24,1756329112,INDEX,False,9
$DSHD,U.S. Durable Household Products Index,144.97,+1.07%,+4.16%,-2.62%,+6.45%,40% Buy,08/27/25,INDEX,No,9,$DSHD,U.S. Durable Household Products Index,144.97,0.010736944851147,0.0416,-0.0262,0.0645,40,1756329112,INDEX,False,9
$DSEC,U.S. Electrical Components & Equipment Index,993.82,-0.14%,+2.81%,-3.46%,+49.37%,80% Buy,08/27/25,INDEX,No,9,$DSEC,U.S. Electrical Components & Equipment Index,993.82,-0.0014468581074292,0.0281,-0.0346,0.4937,80,1756329112,INDEX,False,9
$DSEU,U.S. Electricity Index,420.02,-0.01%,-0.82%,+0.92%,+15.15%,88% Buy,08/27/25,INDEX,No,9,$DSEU,U.S. Electricity Index,420.02,-0.00011902778108413,-0.0082,0.0092,0.1515,88,1756329112,INDEX,False,9
$DSAI,U.S. Electronic Equipment Index,"1,548.07",+0.10%,+2.57%,+4.65%,+38.23%,100% Buy,08/27/25,INDEX,No,9,$DSAI,U.S. Electronic Equipment Index,1548.07,0.0010410873866766,0.0257,0.0465,0.3823,100,1756329112,INDEX,False,9
$DSOS,U.S. Exploration & Production Index,"1,034.17",+1.21%,+4.77%,+2.97%,-2.74%,56% Buy,08/27/25,INDEX,No,9,$DSOS,U.S. Exploration & Production Index,1034.17,0.012125897942806,0.0477,0.0297,-0.0274,56,1756329112,INDEX,False,9
$DSFA,U.S. Financial Administration Index,589.41,unch,+0.74%,-3.93%,+2.60%,72% Sell,08/27/25,INDEX,No,9,$DSFA,U.S. Financial Administration Index,589.41,3.3933388757837e-05,0.0074,-0.0393,0.026,-72,1756329112,INDEX,False,9
$DSFC,U.S. Fixed Line Telecommunications Index,171.77,+1.69%,-0.72%,+3.68%,+47.03%,100% Buy,08/27/25,INDEX,No,9,$DSFC,U.S. Fixed Line Telecommunications Index,171.77,0.016932094014564,-0.0072,0.0368,0.4703,100,1756329112,INDEX,False,9
$DSFP,U.S. Food Products Index,537.45,-0.16%,-0.68%,-5.02%,-15.65%,100% Sell,08/27/25,INDEX,No,9,$DSFP,U.S. Food Products Index,537.45,-0.0016161390994204,-0.0068,-0.0502,-0.1565,-100,1756329112,INDEX,False,9
$DSFD,U.S. Food Retailers & Wholesalers Index,"1,270.32",-0.04%,-2.73%,-3.88%,+21.60%,56% Buy,08/27/25,INDEX,No,9,$DSFD,U.S. Food Retailers & Wholesalers Index,1270.32,-0.00040917818136035,-0.0273,-0.0388,0.216,56,1756329112,INDEX,False,9
$DSFT,U.S. Footwear Index,"1,669.36",-0.14%,+3.57%,+0.79%,-13.42%,72% Buy,08/27/25,INDEX,No,9,$DSFT,U.S. Footwear Index,1669.36,-0.0013639300327823,0.0357,0.0079,-0.1342,72,1756329112,INDEX,False,9
$DSIF,U.S. Full Line Insurance Index,80.32,-0.64%,+0.05%,+8.51%,+6.99%,100% Buy,03/22/25,INDEX,No,9,$DSIF,U.S. Full Line Insurance Index,80.32,-0.0064324591786246,0.0005,0.0851,0.0699,100,1742619599,INDEX,False,9
$DSFH,U.S. Furnishings Index,484.03,+0.47%,+5.00%,+12.07%,+27.13%,100% Buy,08/27/25,INDEX,No,9,$DSFH,U.S. Furnishings Index,484.03,0.00469103514125,0.05,0.1207,0.2713,100,1756329112,INDEX,False,9
$DSCA,U.S. Gambling Index,778.43,+1.38%,+5.09%,+2.22%,+23.30%,88% Buy,08/27/25,INDEX,No,9,$DSCA,U.S. Gambling Index,778.43,0.013831546867063,0.0509,0.0222,0.233,88,1756329112,INDEX,False,9
$DSGU,U.S. Gas Distribution Index,373.99,+0.55%,+0.60%,+2.59%,+25.02%,100% Buy,08/27/25,INDEX,No,9,$DSGU,U.S. Gas Distribution Index,373.99,0.0055116416626338,0.006,0.0259,0.2502,100,1756329112,INDEX,False,9
$DSPM,U.S. Gold Mining Index,185.13,-0.11%,+4.46%,+10.55%,+42.32%,100% Buy,08/27/25,INDEX,No,9,$DSPM,U.S. Gold Mining Index,185.13,-0.0010791560999299,0.0446,0.1055,0.4232,100,1756329112,INDEX,False,9
$DSHP,U.S. Health Care Providers Index,"2,486.40",+0.70%,+0.73%,+9.63%,-27.92%,56% Sell,08/27/25,INDEX,No,9,$DSHP,U.S. Health Care Providers Index,2486.4,0.0070310728056249,0.0073,0.0963,-0.2792,-56,1756329112,INDEX,False,9
$DSHV,U.S. Heavy Construction Index,"1,998.96",-0.13%,+2.86%,-4.21%,+42.80%,100% Buy,08/27/25,INDEX,No,9,$DSHV,U.S. Heavy Construction Index,1998.96,-0.0012840177264392,0.0286,-0.0421,0.428,100,1756329112,INDEX,False,9
$DSHB,U.S. Home Construction Index,"2,683.42",-0.20%,+2.37%,+12.23%,-9.35%,88% Buy,08/27/25,INDEX,No,9,$DSHB,U.S. Home Construction Index,2683.42,-0.0020380081074045,0.0237,0.1223,-0.0935,88,1756329112,INDEX,False,9
$DSHI,U.S. Home Improvement Retailers Index,892.94,+0.07%,+1.04%,+9.85%,+8.62%,72% Buy,08/27/25,INDEX,No,9,$DSHI,U.S. Home Improvement Retailers Index,892.94,0.00070603265681222,0.0104,0.0985,0.0862,72,1756329112,INDEX,False,9
$DSLG,U.S. Hotels Index,"4,325.98",+0.62%,+2.49%,-1.55%,+20.14%,64% Buy,08/27/25,INDEX,No,9,$DSLG,U.S. Hotels Index,4325.98,0.0061822579894869,0.0249,-0.0155,0.2014,64,1756329112,INDEX,False,9
$DSHL,U.S. Hotel & Lodging Reits Index,92.42,+2.60%,+7.75%,+4.95%,+0.40%,40% Buy,08/27/25,INDEX,No,9,$DSHL,U.S. Hotel & Lodging Reits Index,92.42,0.025976909413854,0.0775,0.0495,0.004,40,1756329112,INDEX,False,9
$DSFE,U.S. Industrial Machinery Index,"1,270.50",+0.52%,+2.59%,+1.60%,+8.42%,88% Buy,08/27/25,INDEX,No,9,$DSFE,U.S. Industrial Machinery Index,1270.5,0.0051980726780755,0.0259,0.016,0.0842,88,1756329112,INDEX,False,9
$DSIO,U.S. Industrial & Office Reits Index,101.99,+1.58%,+3.13%,+2.16%,-12.92%,24% Buy,08/27/25,INDEX,No,9,$DSIO,U.S. Industrial & Office Reits Index,101.99,0.015836653386454,0.0313,0.0216,-0.1292,24,1756329112,INDEX,False,9
$DSDS,U.S. Industrial Suppliers Index,984.34,+0.54%,+2.94%,+3.27%,+21.09%,100% Buy,08/27/25,INDEX,No,9,$DSDS,U.S. Industrial Suppliers Index,984.34,0.005423735738435,0.0294,0.0327,0.2109,100,1756329112,INDEX,False,9
$DSIB,U.S. Insurance Brokers Index,769.73,-0.29%,-1.70%,-2.55%,-0.03%,80% Sell,08/27/25,INDEX,No,9,$DSIB,U.S. Insurance Brokers Index,769.73,-0.0029145832793596,-0.017,-0.0255,-0.0003,-80,1756329112,INDEX,False,9
$DSOL,U.S. Integrated Oil & Gas Index,755.32,+1.18%,+3.98%,+2.50%,-0.92%,56% Buy,08/27/25,INDEX,No,9,$DSOL,U.S. Integrated Oil & Gas Index,755.32,0.011815137307435,0.0398,0.025,-0.0092,56,1756329112,INDEX,False,9
$DSNS,U.S. Internet Index,"5,786.38",-0.01%,+2.44%,+5.72%,+33.84%,100% Buy,08/27/25,INDEX,No,9,$DSNS,U.S. Internet Index,5786.38,-0.00010195318102567,0.0244,0.0572,0.3384,100,1756329112,INDEX,False,9
$DSSB,U.S. Investment Services Index,"2,989.63",-0.52%,+0.85%,-0.78%,+33.88%,88% Buy,08/27/25,INDEX,No,9,$DSSB,U.S. Investment Services Index,2989.63,-0.005187640172766,0.0085,-0.0078,0.3388,88,1756329112,INDEX,False,9
$DSST,U.S. Iron & Steel Index,601.17,+0.92%,+4.43%,+1.04%,+6.43%,100% Buy,08/27/25,INDEX,No,9,$DSST,U.S. Iron & Steel Index,601.17,0.0092163577759871,0.0443,0.0104,0.0643,100,1756329112,INDEX,False,9
$DSIL,U.S. Life Insurance Index,"1,274.08",-0.06%,+1.41%,+2.65%,+4.39%,40% Buy,08/27/25,INDEX,No,9,$DSIL,U.S. Life Insurance Index,1274.08,-0.00061183188742291,0.0141,0.0265,0.0439,40,1756329112,INDEX,False,9
$DSMT,U.S. Marine Transportation Index,322.57,unch,+0.71%,-17.06%,-16.81%,56% Sell,08/27/25,INDEX,No,9,$DSMT,U.S. Marine Transportation Index,322.57,0.0,0.0071,-0.1706,-0.1681,-56,1756329112,INDEX,False,9
$DSAV,U.S. Media Agencies Index,443.81,+0.80%,+1.33%,-16.96%,-25.91%,56% Sell,08/27/25,INDEX,No,9,$DSAV,U.S. Media Agencies Index,443.81,0.0080405205896382,0.0133,-0.1696,-0.2591,-56,1756329112,INDEX,False,9
$DSAM,U.S. Medical Equipment Index,"2,998.71",-0.22%,-0.84%,+0.30%,+7.70%,72% Buy,08/27/25,INDEX,No,9,$DSAM,U.S. Medical Equipment Index,2998.71,-0.002249232233228,-0.0084,0.003,0.077,72,1756329112,INDEX,False,9
$DSMS,U.S. Medical Supplies Index,"1,595.33",+0.34%,-1.70%,-6.86%,+3.43%,40% Sell,08/27/25,INDEX,No,9,$DSMS,U.S. Medical Supplies Index,1595.33,0.0033585116887527,-0.017,-0.0686,0.0343,-40,1756329112,INDEX,False,9
$DSWC,U.S. Mobile Telecommunications Index,427.07,+0.45%,-2.23%,+2.94%,+12.65%,72% Buy,08/27/25,INDEX,No,9,$DSWC,U.S. Mobile Telecommunications Index,427.07,0.0045396810462436,-0.0223,0.0294,0.1265,72,1756329112,INDEX,False,9
$DSMF,U.S. Mortgage Finance Index,12.78,-0.39%,+1.67%,+11.42%,+3.06%,100% Buy,08/27/25,INDEX,No,9,$DSMF,U.S. Mortgage Finance Index,12.78,-0.0038971161340609,0.0167,0.1142,0.0306,100,1756329112,INDEX,False,9
$DSMR,U.S. Mortgage Reits Index,31.07,-0.35%,+0.45%,+0.88%,+1.90%,88% Buy,08/27/25,INDEX,No,9,$DSMR,U.S. Mortgage Reits Index,31.07,-0.0035279025016036,0.0045,0.0088,0.019,88,1756329112,INDEX,False,9
$DSMU,U.S. Multiutilities Index,282.76,+0.28%,-1.36%,-0.47%,+10.10%,88% Buy,08/27/25,INDEX,No,9,$DSMU,U.S. Multiutilities Index,282.76,0.0027661536279168,-0.0136,-0.0047,0.101,88,1756329112,INDEX,False,9
$DSHN,U.S. Nondurable Household Products Index,"1,223.66",+0.59%,-1.71%,-1.42%,-10.03%,80% Sell,08/27/25,INDEX,No,9,$DSHN,U.S. Nondurable Household Products Index,1223.66,0.0058774691535623,-0.0171,-0.0142,-0.1003,-80,1756329112,INDEX,False,9
$DSNF,U.S. Nonferrous Metals Index,586.84,-1.08%,+6.20%,-2.27%,-3.01%,72% Buy,08/27/25,INDEX,No,9,$DSNF,U.S. Nonferrous Metals Index,586.84,-0.010821562215555,0.062,-0.0227,-0.0301,72,1756329112,INDEX,False,9
$DSOI,U.S. Oil Equipment & Services Index,252.69,+1.55%,+6.53%,-0.08%,-9.19%,40% Buy,08/27/25,INDEX,No,9,$DSOI,U.S. Oil Equipment & Services Index,252.69,0.015512598963147,0.0653,-0.0008,-0.0919,40,1756329112,INDEX,False,9
$DSCM,U.S. Personal Products Index,428.79,+1.92%,-0.38%,-4.89%,-7.53%,48% Buy,08/27/25,INDEX,No,9,$DSCM,U.S. Personal Products Index,428.79,0.019181403308614,-0.0038,-0.0489,-0.0753,48,1756329112,INDEX,False,9
$DSPR,U.S. Pharmaceuticals Index,856.92,-0.05%,+0.82%,-2.44%,-13.61%,32% Sell,08/27/25,INDEX,No,9,$DSPR,U.S. Pharmaceuticals Index,856.92,-0.00046657024215006,0.0082,-0.0244,-0.1361,-32,1756329112,INDEX,False,9
$DSPL,U.S. Pipelines Index,"1,032.45",+0.63%,+1.29%,-0.74%,+15.43%,88% Sell,08/27/25,INDEX,No,9,$DSPL,U.S. Pipelines Index,1032.45,0.0063061658121991,0.0129,-0.0074,0.1543,-88,1756329112,INDEX,False,9
$DSIP,U.S. Property & Casualty Insurance Index,"1,942.34",+0.24%,-1.63%,+2.11%,+5.14%,8% Sell,08/27/25,INDEX,No,9,$DSIP,U.S. Property & Casualty Insurance Index,1942.34,0.0023894184372274,-0.0163,0.0211,0.0514,-8,1756329112,INDEX,False,9
$DSPB,U.S. Publishing Index,853.70,+0.06%,-0.03%,+5.40%,+8.48%,100% Buy,08/27/25,INDEX,No,9,$DSPB,U.S. Publishing Index,853.7,0.00062121265398465,-0.0003,0.054,0.0848,100,1756329112,INDEX,False,9
$DSRR,U.S. Railroads Index,"3,265.19",-0.70%,-4.60%,-3.99%,-5.29%,24% Buy,08/27/25,INDEX,No,9,$DSRR,U.S. Railroads Index,3265.19,-0.0070188883516256,-0.046,-0.0399,-0.0529,24,1756329112,INDEX,False,9
$DSEH,U.S. Real Estate Holding & Development Index,62.62,+1.00%,+2.82%,+8.45%,+0.87%,40% Buy,08/27/25,INDEX,No,9,$DSEH,U.S. Real Estate Holding & Development Index,62.62,0.01,0.0282,0.0845,0.0087,40,1756329112,INDEX,False,9
$DSES,U.S. Real Estate Services Index,378.91,-0.32%,+1.95%,+5.04%,+30.12%,100% Buy,08/27/25,INDEX,No,9,$DSES,U.S. Real Estate Services Index,378.91,-0.0032094283534579,0.0195,0.0504,0.3012,100,1756329112,INDEX,False,9
$DSRP,U.S. Recreational Products Index,391.23,+0.57%,+2.16%,+2.18%,-16.30%,56% Buy,08/27/25,INDEX,No,9,$DSRP,U.S. Recreational Products Index,391.23,0.0057326478149101,0.0216,0.0218,-0.163,56,1756329112,INDEX,False,9
$DSRQ,U.S. Recreational Services Index,212.32,+1.27%,+7.67%,+3.38%,+80.59%,100% Buy,08/27/25,INDEX,No,9,$DSRQ,U.S. Recreational Services Index,212.32,0.012735511566897,0.0767,0.0338,0.8059,100,1756329112,INDEX,False,9
$DSIU,U.S. Reinsurance Index,522.10,+0.74%,-0.20%,-0.08%,-6.75%,32% Sell,08/27/25,INDEX,No,9,$DSIU,U.S. Reinsurance Index,522.1,0.0073510968762663,-0.002,-0.0008,-0.0675,-32,1756329112,INDEX,False,9
$DSRN,U.S. Residential Reits Index,228.61,+1.19%,+1.17%,-2.62%,-10.64%,88% Sell,08/27/25,INDEX,No,9,$DSRN,U.S. Residential Reits Index,228.61,0.011906869688385,0.0117,-0.0262,-0.1064,-88,1756329112,INDEX,False,9
$DSRU,U.S. Restaurants & Bars Index,"3,048.95",-0.10%,-0.44%,-1.28%,+5.77%,8% Buy,08/27/25,INDEX,No,9,$DSRU,U.S. Restaurants & Bars Index,3048.95,-0.00097315788094061,-0.0044,-0.0128,0.0577,8,1756329112,INDEX,False,9
$DSRL,U.S. Retail Reits Index,100.99,+0.88%,+0.70%,+3.51%,-1.34%,72% Buy,08/27/25,INDEX,No,9,$DSRL,U.S. Retail Reits Index,100.99,0.0087903306363,0.007,0.0351,-0.0134,72,1756329112,INDEX,False,9
$DSSC,U.S. Semiconductors Index,"25,472.82",+0.15%,+3.29%,+4.29%,+35.01%,96% Buy,08/27/25,INDEX,No,9,$DSSC,U.S. Semiconductors Index,25472.82,0.0014633034015318,0.0329,0.0429,0.3501,96,1756329112,INDEX,False,9
$DSSD,U.S. Soft Drinks Index,919.20,+0.39%,-3.59%,+0.39%,-7.30%,80% Buy,08/27/25,INDEX,No,9,$DSSD,U.S. Soft Drinks Index,919.2,0.0038770272484028,-0.0359,0.0039,-0.073,80,1756329112,INDEX,False,9
$DSSW,U.S. Software Index,"8,288.81",+0.89%,+0.46%,-3.21%,+23.33%,56% Buy,08/27/25,INDEX,No,9,$DSSW,U.S. Software Index,8288.81,0.008865660415021,0.0046,-0.0321,0.2333,56,1756329112,INDEX,False,9
$DSCS,U.S. Specialized Consumer Services Index,"2,803.16",+0.25%,-0.74%,+0.68%,+1.86%,64% Sell,08/27/25,INDEX,No,9,$DSCS,U.S. Specialized Consumer Services Index,2803.16,0.0025141892544337,-0.0074,0.0068,0.0186,-64,1756329112,INDEX,False,9
$DSCX,U.S. Specialty Chemicals Index,"1,118.06",+0.75%,+1.76%,-0.54%,-2.64%,72% Buy,08/27/25,INDEX,No,9,$DSCX,U.S. Specialty Chemicals Index,1118.06,0.0074881730119396,0.0176,-0.0054,-0.0264,72,1756329112,INDEX,False,9
$DSSP,U.S. Specialty Finance Index,742.82,+0.69%,+1.40%,+1.51%,+8.70%,8% Sell,08/27/25,INDEX,No,9,$DSSP,U.S. Specialty Finance Index,742.82,0.0069404907143825,0.014,0.0151,0.087,-8,1756329112,INDEX,False,9
$DSSR,U.S. Specialty Reits Index,263.65,+0.17%,+0.34%,-2.83%,-2.71%,8% Buy,08/27/25,INDEX,No,9,$DSSR,U.S. Specialty Reits Index,263.65,0.001747786770014,0.0034,-0.0283,-0.0271,8,1756329112,INDEX,False,9
$DSRS,U.S. Specialty Retailers Index,"4,798.74",+0.17%,+1.56%,+4.85%,+50.43%,88% Buy,08/27/25,INDEX,No,9,$DSRS,U.S. Specialty Retailers Index,4798.74,0.0017388908256287,0.0156,0.0485,0.5043,88,1756329112,INDEX,False,9
$DSCT,U.S. Telecommunications Equipment Index,"2,487.38",+0.26%,+1.93%,+5.25%,+34.93%,100% Buy,08/27/25,INDEX,No,9,$DSCT,U.S. Telecommunications Equipment Index,2487.38,0.0026483285701042,0.0193,0.0525,0.3493,100,1756329112,INDEX,False,9
$DSTB,U.S. Tobacco Index,"1,137.74",-1.06%,-4.04%,+4.60%,+31.24%,40% Buy,08/27/25,INDEX,No,9,$DSTB,U.S. Tobacco Index,1137.74,-0.010617852950128,-0.0404,0.046,0.3124,40,1756329112,INDEX,False,9
$DSTY,U.S. Toys Index,"1,834.47",-0.49%,+2.39%,+5.82%,+57.83%,100% Buy,08/27/25,INDEX,No,9,$DSTY,U.S. Toys Index,1834.47,-0.0049198824001649,0.0239,0.0582,0.5783,100,1756329112,INDEX,False,9
$DSTS,U.S. Transportation Services Index,313.79,-0.29%,-1.27%,-4.17%,+26.46%,24% Buy,09/16/23,INDEX,No,9,$DSTS,U.S. Transportation Services Index,313.79,-0.0028916428344454,-0.0127,-0.0417,0.2646,24,1694840399,INDEX,False,9
$DSTT,U.S. Travel & Tourism Index,"1,394.23",-0.86%,+1.38%,+1.30%,+34.42%,88% Buy,08/27/25,INDEX,No,9,$DSTT,U.S. Travel & Tourism Index,1394.23,-0.0085898557217114,0.0138,0.013,0.3442,88,1756329112,INDEX,False,9
$DSTK,U.S. Trucking Index,"1,434.71",-0.86%,+3.14%,-5.89%,-14.25%,48% Sell,08/27/25,INDEX,No,9,$DSTK,U.S. Trucking Index,1434.71,-0.0086030570220294,0.0314,-0.0589,-0.1425,-48,1756329112,INDEX,False,9
$DSPC,U.S. Waste & Disposal Services Index,679.82,+0.28%,-0.96%,-1.27%,+4.91%,48% Buy,08/27/25,INDEX,No,9,$DSPC,U.S. Waste & Disposal Services Index,679.82,0.0028026905829598,-0.0096,-0.0127,0.0491,48,1756329112,INDEX,False,9
$DSWU,U.S. Water Index,"2,952.69",+0.95%,-0.07%,+4.25%,+3.02%,88% Buy,08/27/25,INDEX,No,9,$DSWU,U.S. Water Index,2952.69,0.0095011795275052,-0.0007,0.0425,0.0302,88,1756329112,INDEX,False,9
$DSFV,U.S. Financial Services Index,"1,325.12",+0.15%,+2.33%,+0.86%,+27.03%,100% Buy,08/27/25,INDEX,No,9,$DSFV,U.S. Financial Services Index,1325.12,0.0015191480678099,0.0233,0.0086,0.2703,100,1756329112,INDEX,False,9
$DLTC,U.S. Large-Cap Technology Index,"7,965.74",+0.36%,+1.99%,+3.15%,+23.86%,100% Buy,08/27/25,INDEX,No,9,$DLTC,U.S. Large-Cap Technology Index,7965.74,0.0036260734588558,0.0199,0.0315,0.2386,100,1756329112,INDEX,False,9
$DWCB,U.S. Banks Total Stock Market Index,"8,791.28",+0.61%,+4.19%,+2.07%,+28.20%,100% Buy,08/27/25,INDEX,No,9,$DWCB,U.S. Banks Total Stock Market Index,8791.28,0.0061389574301529,0.0419,0.0207,0.282,100,1756329591,INDEX,False,9
$DCSE,U.S. Semiconductors Total Stock Market Index,"210,074.20",+0.15%,+3.35%,+4.36%,+35.05%,100% Buy,08/27/25,INDEX,No,9,$DCSE,U.S. Semiconductors Total Stock Market Index,210074.2,0.0015141836544922,0.0335,0.0436,0.3505,100,1756329591,INDEX,False,9
